seed,gap_10
0,0.011983414614240073
1,-0.003213037244397976
